Nodos,Aristas,Tiempo_Segundos
100,990,0.591713
200,3980,25.128123
300,8970,215.977992
400,15960,946.086067
500,24950,2998.292465
