Nodos,Aristas,Tiempo_Segundos
100,990,0.006249
200,3980,0.025838
300,8970,0.050359
400,15960,0.098292
500,24950,0.152566
