Nodos,Aristas,Tiempo_Segundos
100,990,0.000449
200,3980,0.003333
300,8970,0.011007
400,15960,0.026106
500,24950,0.050214
