Nodos,Aristas,Tiempo_Segundos
100,990,0.001895
200,3980,0.024456
300,8970,0.117308
400,15960,0.359976
500,24950,0.861378
